module,method,path,function,status,guards
accounting,POST,/accounting/bootstrap,bootstrap_chart,,
accounting,GET,/accounting/accounts,list_accounts,,
accounting,POST,/accounting/accounts,create_account,HTTP_201_CREATED,
accounting,PATCH,/accounting/accounts/{account_id},update_account,,
accounting,GET,/accounting/journal-entries,list_entries,,
accounting,POST,/accounting/journal-entries,add_entry,HTTP_201_CREATED,
accounting,POST,/accounting/journal-entries/{entry_id}/post,post_entry,,
accounting,GET,/accounting/trial-balance,trial_balance,,
accounting,GET,/accounting/profit-and-loss,profit_and_loss,,
accounting,GET,/accounting/balance-sheet,balance_sheet,,
audit,GET,/audit/events,list_audit_events,,authenticated; tenant context
auth,POST,/auth/login,login,,
auth,POST,/auth/websocket-session,create_websocket_session,,authenticated
auth,POST,/auth/password-reset-request,request_password_reset,HTTP_202_ACCEPTED,
auth,GET,/auth/me,me,,authenticated
auth,POST,/auth/refresh,refresh_token,,
auth,POST,/auth/logout,logout,,platform owner
auth,GET,/auth/users,list_users,,platform owner
auth,GET,/auth/users/{user_id},get_user,,platform owner
auth,PUT,/auth/users/{user_id},update_user,,platform owner
auth,DELETE,/auth/users/{user_id},delete_user,HTTP_204_NO_CONTENT,platform owner
auth,GET,/auth/impersonation-targets,impersonation_targets,,platform owner
auth,POST,/auth/impersonate,impersonate_user,,platform owner
billing,GET,/billing/plans,list_public_plans,,platform owner
billing,GET,/billing/plans/admin,list_all_plans_for_admin,,platform owner
billing,POST,/billing/plans,create_plan,HTTP_201_CREATED,platform owner
billing,PUT,/billing/plans/{plan_id},update_plan,,platform owner
billing,DELETE,/billing/plans/{plan_id},delete_plan,HTTP_204_NO_CONTENT,platform owner
billing,GET,/billing/subscriptions,list_subscriptions,,
billing,GET,/billing/subscriptions/current,current_subscription,,
billing,POST,/billing/subscriptions/checkout,subscription_checkout,,
billing,POST,/billing/subscriptions/{subscription_id}/cancel,cancel_subscription,,
borrower,GET,/borrowers/,list_borrowers,,authenticated; platform owner
borrower,GET,/borrowers/me,get_my_borrower_profile,,authenticated; platform owner
borrower,GET,/borrowers/{borrower_id},get_borrower,,authenticated; platform owner
borrower,POST,/borrowers/,create_borrower,HTTP_201_CREATED,authenticated; platform owner
borrower,PUT,/borrowers/{borrower_id},update_borrower,,authenticated; platform owner
borrower,DELETE,/borrowers/{borrower_id},delete_borrower,HTTP_204_NO_CONTENT,platform owner
borrower_registration,POST,/borrower-registration/,register_borrower,HTTP_201_CREATED,
branches,GET,/branches/,list_branches,,
branches,GET,/branches/company/{company_id},list_company_branches,,
branches,GET,/branches/{branch_id},get_branch,,
branches,POST,/branches/,create_branch,HTTP_201_CREATED,
branches,PUT,/branches/{branch_id},update_branch,,
branches,DELETE,/branches/{branch_id},delete_branch,HTTP_204_NO_CONTENT,
branches,PATCH,/branches/{branch_id}/activate,activate_branch,,
branches,PATCH,/branches/{branch_id}/deactivate,deactivate_branch,,
chat,GET,/chat/directory,chat_directory,,
chat,GET,/chat/conversations,list_conversations,,
chat,GET,/chat/unread-count,unread_count,,
chat,POST,/chat/conversations,create_conversation,HTTP_201_CREATED,
chat,GET,/chat/conversations/{conversation_id}/messages,list_messages,,
chat,POST,/chat/conversations/{conversation_id}/messages,send_message,HTTP_201_CREATED,
chat,POST,/chat/conversations/{conversation_id}/files,send_file_message,HTTP_201_CREATED,
chat,PATCH,/chat/conversations/{conversation_id}/read,mark_conversation_read,HTTP_204_NO_CONTENT,
chat,PATCH,/chat/messages/{message_id},update_message,,
chat,DELETE,/chat/messages/{message_id},delete_message,HTTP_204_NO_CONTENT,
company,POST,/companies/,create_company,HTTP_201_CREATED,authenticated; platform owner
company,GET,/companies/,list_companies,,authenticated
company,GET,/companies/{company_id},get_company,,authenticated
company,PUT,/companies/{company_id},update_company,,authenticated; platform owner
company,DELETE,/companies/{company_id},delete_company,HTTP_204_NO_CONTENT,platform owner
company,PATCH,/companies/{company_id}/approve,approve_company,,platform owner
company,PATCH,/companies/{company_id}/reject,reject_company,,platform owner
company,PATCH,/companies/{company_id}/activate,activate_company,,platform owner
company,PATCH,/companies/{company_id}/deactivate,deactivate_company,,platform owner
company,PATCH,/companies/{company_id}/suspend,suspend_company,,platform owner
company_registration,POST,/company-registration/,register_company_owner,HTTP_201_CREATED,
company_staff,GET,/company-staff/,list_company_staff,,
company_staff,GET,/company-staff/{staff_id},get_company_staff_member,,
company_staff,POST,/company-staff/,assign_existing_user,HTTP_201_CREATED,
company_staff,POST,/company-staff/accounts,create_staff_account,HTTP_201_CREATED,
company_staff,PUT,/company-staff/{staff_id},update_company_staff,,
company_staff,DELETE,/company-staff/{staff_id},remove_company_staff,HTTP_204_NO_CONTENT,
employees,GET,/employees,list_employees,,
employees,GET,/employees/{staff_id},get_employee,,
employees,PUT,/employees/{staff_id}/profile,upsert_employee_profile,,
employees,GET,/employees/{staff_id}/goals,list_employee_goals,,
employees,POST,/employees/{staff_id}/goals,create_employee_goal,HTTP_201_CREATED,
employees,PATCH,/employees/goals/{goal_id},update_goal,,
employees,GET,/employees/{staff_id}/reviews,list_employee_reviews,,
employees,POST,/employees/{staff_id}/reviews,create_employee_review,HTTP_201_CREATED,
files,GET,/files,list_files,,
files,POST,/files/upload,upload_file,HTTP_201_CREATED,
files,GET,/files/{file_id},get_file,,
files,GET,/files/{file_id}/download,download_file,,
files,DELETE,/files/{file_id},delete_file,HTTP_204_NO_CONTENT,
loan_offers,POST,/loan-offers/,create_offer,HTTP_201_CREATED,
loan_offers,GET,/loan-offers/request/{loan_request_id},list_offers_by_request,,authenticated; tenant context
loan_offers,GET,/loan-offers/{offer_id},get_offer,,authenticated; tenant context
loan_offers,PATCH,/loan-offers/{offer_id},update_offer,,
loan_offers,POST,/loan-offers/{offer_id}/withdraw,withdraw_offer,,
loan_offers,DELETE,/loan-offers/{offer_id},delete_offer,HTTP_204_NO_CONTENT,
loan_products,GET,/loan-products/public,list_public_products,,
loan_products,GET,/loan-products/,list_products,,
loan_products,GET,/loan-products/{product_id},get_product,,
loan_products,POST,/loan-products/,create_product,HTTP_201_CREATED,
loan_products,PUT,/loan-products/{product_id},update_product,,
loan_products,PATCH,/loan-products/{product_id}/activate,activate_product,,
loan_products,PATCH,/loan-products/{product_id}/deactivate,deactivate_product,,
loan_products,DELETE,/loan-products/{product_id},delete_product,HTTP_204_NO_CONTENT,
loan_request,POST,/loan_requests/,create_request,HTTP_201_CREATED,authenticated; borrower; platform owner
loan_request,GET,/loan_requests/,get_all_requests,,authenticated; borrower; platform owner
loan_request,GET,/loan_requests/my,get_my_requests,,authenticated; borrower; platform owner
loan_request,GET,/loan_requests/open,get_open_requests,,authenticated; borrower; platform owner
loan_request,GET,/loan_requests/{request_id},get_request,,authenticated; borrower
loan_request,PATCH,/loan_requests/{request_id},update_request,,authenticated; borrower
loan_request,POST,/loan_requests/{request_id}/submit,submit_request,,authenticated; borrower
loan_request,POST,/loan_requests/{request_id}/cancel,cancel_request,,authenticated; borrower
loan_request,POST,/loan_requests/{request_id}/offers/{offer_id}/accept,accept_request_offer,,authenticated; borrower
loan_request,DELETE,/loan_requests/{request_id},delete_request,HTTP_204_NO_CONTENT,authenticated; borrower
loans,GET,/loans/,list_loans,,authenticated; tenant context
loans,GET,/loans/{loan_id},get_loan,,authenticated; tenant context
loans,POST,/loans/{loan_id}/disburse,disburse_loan,,authenticated
loans,POST,/loans/{loan_id}/repay,repay_loan,,authenticated
marketplace,GET,/marketplace/requests,list_marketplace_requests,,
marketplace,GET,/marketplace/requests/{request_id},get_marketplace_request,,
marketplace,POST,/marketplace/requests/{request_id}/unlock,unlock_request,HTTP_201_CREATED,
notifications,GET,/notifications,list_notifications,,authenticated
notifications,GET,/notifications/unread-count,unread_count,,authenticated
notifications,PATCH,/notifications/{notification_id}/read,mark_notification_read,,authenticated
notifications,PATCH,/notifications/read-all,mark_all_read,HTTP_204_NO_CONTENT,authenticated
notifications,PATCH,/notifications/{notification_id}/archive,archive_notification,,authenticated
notifications,DELETE,/notifications/{notification_id},delete_notification,HTTP_204_NO_CONTENT,authenticated
payments,GET,/payments/,list_payments,,authenticated; tenant context
payments,GET,/payments/{payment_id},get_payment,,authenticated; tenant context
payments,POST,/payments/callbacks/{provider},payment_callback,,
performance,GET,/performance/overview,performance_overview,,
person,GET,/people/,list_people,,authenticated; platform owner
person,GET,/people/me,get_my_person,,authenticated
person,GET,/people/user/{user_id},get_person_by_user_id,,authenticated
person,GET,/people/{person_id},get_person,,authenticated
person,POST,/people/,create_person,HTTP_201_CREATED,authenticated
person,PUT,/people/{person_id},update_person,,authenticated; platform owner
person,DELETE,/people/{person_id},delete_person,HTTP_204_NO_CONTENT,platform owner
reports,GET,/reports/summary,report_summary,,
reports,GET,/reports,list_reports,,
reports,POST,/reports/generate,generate_now,HTTP_201_CREATED,
reports,GET,/reports/schedules,list_schedules,,
reports,POST,/reports/schedules,create_schedule,HTTP_201_CREATED,
reports,PATCH,/reports/schedules/{schedule_id},update_schedule,,
reports,DELETE,/reports/schedules/{schedule_id},delete_schedule,HTTP_204_NO_CONTENT,
system_errors,GET,/system-errors,list_system_errors,,platform owner
system_errors,PATCH,/system-errors/{error_id}/resolve,resolve_system_error,,authenticated; platform owner
system_errors,PATCH,/system-errors/{error_id}/reopen,reopen_system_error,,authenticated; platform owner
ws,WEBSOCKET,/ws,websocket_auth_endpoint,,
